{
  "name": "bigSlide",
  "title": "bigSlide",
  "description": "A tiny jQuery plugin for creating off-screen slide panel navigation.",
  "version": "0.12.0",
  "homepage": "http://ascott1.github.io/bigSlide.js/",
  "author": {
    "name": "Adam D. Scott",
    "email": "hello@adamdscott.com"
  },
  "repository": {
    "type": "git",
    "url": "git@github.com:ascott1/bigSlide.js.git"
  },
  "bugs": "https://github.com/ascott1/bigSlide.js/issues",
  "licenses": [
    {
      "type": "MIT",
      "url": "https://github.com/scotta/bigSlide.jsblob/master/LICENSE-MIT"
    }
  ],
  "dependencies": {
    "jquery": "*"
  },
  "keywords": ["navigation", "menu", "ui"]
}
